Insert Into Ingredients(ingredientId, ingredientName)
VALUES
(1001, 'Sausage'),
(1002, 'Beef'),
(1003, 'Lasagne Sheets'),
(1004, 'White Sauce'),
(1005, 'Pasta Sauce'),
(1006, 'Cheese'),
(1007, 'Chicken'),
(1008, 'Peas'),
(1009, 'Noodles'),
(1010, 'Sweetcorn'),
(1011, 'Bacon'),
(1012, 'Pasta'),
(1013, 'Avocado'),
(1014, 'Bread'),
(1015, 'Hot Dog Bun'),
(1016, 'Egg'),
(1017, 'Butter'),
(1018, 'Mixed Beans'),
(1019, 'Tortilla Wraps'),
(1020, 'Ham'),
(1021, 'Taco Shells'),
(1022, 'Onions'),
(1023, 'Peppers'),
(1024, 'Baked Beans'),
(1025, 'Tomato'),
(1026, 'Black Beans'),
(1027, 'Chorizo'),
(1028, 'Tuna'),
(1029, 'Potato'),
(1030, 'Milk'),
(1031, 'Salmon'),
(1032, 'Rice'),
(1033, 'Dough'),
(1034, 'Pineapple'),
(1035, 'Pepperoni'),
(1036, 'Kidney Beans'),
(1037, 'Cod'),
(1038, 'Stuffing'),
(1039, 'Cauliflower'),
(1040, 'Flour'),
(1041, 'Bread Rolls'),
(1042, 'Veggie Burger Patty')



Insert Into Recipes(recipeId, recipeName, calories, protein, fat, carbohydrates, sugar, sodium)
VALUES
(1001, 'Hot Dog', 147, 5.1,13.6, 1.1, 0.7, 461.3),
(1002, 'Lasagne', 756, 46, 46, 44, 18, 2484),
(1003, 'Stir Fry (Chicken)', 200, 18, 2, 26.9, 20, 400),
(1004, 'Chicken and bacon pasta', 539, 18.9, 25.8, 56.4, 5.4, Null),
(1005, 'Avocado Toast', 299, 9.2, 16.3, 32.5, 3.9, 231),
(1006, 'Breakfast Roll', 300, 16, 12, 32, 1, 710),
(1007, 'Toast (Buttered)', 207, 5.2, 7.7, 29, 3, 335),
(1008, 'Toast', 160, 5.2, 2, 30.8, 2.2, 360),
(1009, 'Chicken Quesadilla', 510, 27, 28, 38, 3, 1210),
(1010, 'Roast Beef Wrap', 684, 32, 36, 59, 5, 1928),
(1011, 'Ham and Cheese Sandwich', 260, 13.1, 7, 36, 3, 530),
(1012, 'Grilled Cheese', 388, 10, 25.9, 27.3, 54.2, 956),
(1013, 'Egg Salad', 471, 19, 41, 5.3, 2.4, 550),
(1014, 'Chicken Taco', 160, 12, 5, 16, 1, 480),
(1015, 'Beef Taco', 180, 9, 9, 17, 1, 490),
(1016, 'Beans on toast', 255, 12, 11, 28, 9, Null),
(1017, 'Tomato Soup', 204, 3.4, 8.6, 27.2, 19.4, 3.2),
(1018, 'Chicken Salad', 350, 37, 12, 27, 9, 930),
(1019, 'Chorizo Stuffed Chicken', 280, 36, 14, 2, 0, 1030),
(1020, 'Tuna Melt', 681, 49.1, 28.2, 55, 8, 1042),
(1021, 'Jacket Potato', 598, 24.2, 17.5, 82.4, 5.4, 624.1),
(1022, 'Roast Potatoes', 303, 5.8, 8.3, 54.5, 2.2, 101.1),
(1023, 'Mashed Potatoes', 237, 3.9, 8.9, 35.3, 3, 665.7),
(1024, 'Salmon and Rice', 550, 40, 12, 31, 0, 501),
(1025, 'Carbonara', 756, 33, 35, 76, 12, 3066),
(1026, 'Spaghetti Bolognese', 472, 25, 18.8, 53.1, 6.3, 287.5),
(1027, 'Cheesy Pasta', 293, 10.7, 2.7, 54.7, 4, 893.3),
(1028, 'Tuna Pasta', 756, 33, 35, 76, 12, 3066),
(1029, 'Pizza (Margherita)', 879, 39.4, 39.4, 93.9, 9.1, 1575.8),
(1030, 'Pizza (Pepperoni)', 1110, 53.5, 45, 124.5, 13, 2170),
(1031, 'Pizza (Hawaiian)', 1070, 64, 27, 145, 16, 2620),
(1032, 'Chilli w/ Beans', 660, 40, 34, 56, 2, 1640),
(1033, 'Chilli w/o Beans', 760, 42, 54, 32, 8, 1820),
(1034, 'Fish and Chips', 488, 29.2, 23.6, 38.9, 3.1, 1157.8),
(1035, 'Chips', 340, 4, 16, 44, 0, 230),
(1036, 'Cheese Fries', 610, 10, 34, 67, 2, 1210),
(1037, 'Hashbrowns', 244, 3.1, 11.2, 33, 2.2, 580),
(1038, 'Steak Pie', 670, 40, 82, 112, 8, 1620),
(1039, 'Chicken & Stuffing', 399, 29.2, 11.2, 44.1, 2.2, 1.8),
(1040, 'Chicken Burrito', 400, 16, 18, 45, 3, 950),
(1041, 'Beef Burrito', 410, 17, 15, 51, 4, 1140),
(1042, 'Cauliflower Cheese', 75, 8, 11, 8, 0, 290),
(1043, 'Chicken Nuggets', 420, 26, 18, 36, 4, 700),
(1044, 'Pancakes', 350, 9.9, 14.9, 43.6, 0, 676.1),
(1045, 'Pancakes w/ Bacon', 630, 20, 12, 112, 27, 2373),
(1046, 'Chicken Fajitas', 191, 20, 10, 3.8, 1.9, 220),
(1047, 'Beef Fajitas', 605, 26.5, 44, 27, 0, 965),
(1048, 'Beef Burger', 630, 26, 38, 49, 11, 810),
(1049, 'Veggie Burger', 110, 10, 4, 13, 1, 330),
(1050, 'Full English', 561, 42, 24.9, 54.6, 29, 930.8)

Insert Into RecipeIngredients(recipeId, ingredientId)
VALUES
(1001, 1001), (1001, 1015),
(1002, 1002), (1002, 1003), (1002, 1004), (1002, 1005), (1002, 1006),
(1003, 1007), (1003, 1008), (1003, 1009), (1003, 1010), 
(1004, 1007), (1004, 1011), (1004, 1012), (1004, 1010), 
(1005, 1013), (1005, 1014),
(1006, 1016), (1006, 1011), (1006, 1006), (1006, 1014), 
(1007, 1014), (1007, 1017),
(1008, 1014), 
(1009, 1007), (1009, 1018), (1009, 1019), (1009, 1006),
(1010, 1002), (1010, 1006), (1010, 1019),
(1011, 1014), (1011, 1006), (1011, 1020),
(1012, 1016), (1012, 1006),
(1013, 1016),
(1014, 1007), (1014, 1021), (1014, 1022), (1014, 1023),
(1015, 1002), (1015, 1021), (1015, 1022), (1015, 1023),
(1016, 1014), (1016, 1024),
(1017, 1025),
(1018, 1007), (1018, 1026),(1018, 1006), (1018, 1019),
(1019, 1007), (1019, 1027),(1019, 1006), 
(1020, 1006), (1020, 1028),(1020, 1014), 
(1021, 1006), (1021, 1029),(1021, 1024), 
(1022, 1029),
(1023, 1029), (1023, 1017), (1023, 1030),
(1024, 1031), (1024, 1032),
(1025, 1005), (1025, 1020), (1025, 1012), (1025, 1006),
(1026, 1005), (1026, 1002), (1026, 1012), (1026, 1006),
(1027, 1005), (1027, 1012), (1027, 1006),
(1028, 1005), (1028, 1012), (1028, 1028),
(1029, 1025), (1029, 1033), (1029, 1006),
(1030, 1025), (1030, 1033), (1030, 1006), (1030, 1035), 
(1031, 1025), (1031, 1033), (1031, 1006), (1031, 1034), (1031, 1035),
(1032, 1002), (1032, 1036), (1032, 1010), (1032, 1005), 
(1033, 1002), (1033, 1010), (1033, 1005), 
(1034, 1037), (1034, 1029),
(1035, 1029), 
(1036, 1029), (1036, 1006), 
(1037, 1029), (1037, 1016),
(1038, 1029), (1038, 1033), (1038, 1002), (1038, 1022),
(1039, 1014), (1039, 1007), (1039, 1038), 
(1040, 1019), (1040, 1007), (1040, 1036), (1040, 1006),
(1041, 1019), (1041, 1002), (1041, 1036), (1041, 1006),
(1042, 1006), (1042, 1039),
(1043, 1007), (1043, 1014),
(1044, 1016), (1044, 1040), (1044, 1030),
(1045, 1016), (1045, 1040), (1045, 1030), (1045, 1011),
(1046, 1019), (1046, 1007), (1046, 1023), (1046, 1022), (1046, 1006),
(1047, 1019), (1047, 1002), (1047, 1023), (1047, 1022), (1047, 1006),
(1048, 1041), (1048, 1002), (1048, 1006), (1048, 1022),
(1049, 1041), (1049, 1022), (1049, 1042),
(1050, 1001), (1050, 1001), (1050, 1024), (1050, 1011)

Insert Into Cuisine(cuisineId, cuisineName)
VALUES
(1001, 'Vegetarian'),
(1002, 'Vegan'),
(1003, 'Italian'),
(1004, 'French'),
(1005, 'Traditional'),
(1006, 'American'),
(1007, 'Oriental'),
(1008, 'Australian'),
(1009, 'Mexican')

Insert Into RecipeCuisines(recipeId, cuisineId)
VALUES
(1001, 1006), (1002, 1003), (1003, 1007), (1004, 1003), (1005, 1008), 
(1006, 1005), (1007, 1005), (1008, 1005), (1009, 1009), (1010, 1005), 
(1011, 1005), (1012, 1006), (1013, 1001), (1014, 1009), (1015, 1009), 
(1016, 1005), (1017, 1004), (1018, 1006), (1019, 1009), (1020, 1005), 
(1021, 1005), (1022, 1005), (1023, 1005), (1024, 1007), (1025, 1003), 
(1026, 1003), (1027, 1003), (1028, 1003), (1029, 1003), (1030, 1003), 
(1031, 1031), (1032, 1009), (1033, 1009), (1034, 1005), (1035, 1005), 
(1036, 1006), (1037, 1005), (1038, 1005), (1039, 1005), (1040, 1009), 
(1041, 1009), (1042, 1005), (1043, 1006), (1044, 1006), (1045, 1006), 
(1046, 1009), (1047, 1009), (1048, 1006), (1049, 1002), (1050, 1005)



Insert Into Users(userId, currentWeight, goalWeight, preferredCuisine)
VALUES
(1001, 80, 70, 1005)


Insert into UserRecipes(recipeId, userId, dateLogged, mealTime)
VALUES
(1001, 1001, '09-05-2022', 'Breakfast'), (1002, 1001, '09-05-2022', 'Dinner'), (1003, 1001, '09-05-2022', 'Lunch')




